---,ColourID,Material,Index,MaterialID,TextLabel,PrimaryColour,SecondaryColour,ThumbnailPath,ThumbnailBaseName
Row0,"LEGACY1","Legacy - Concrete",0,0,"White & Orange","(R=1.000000,G=1.000000,B=1.000000,A=1.000000)","(R=1.000000,G=0.444000,B=0.229000,A=1.000000)","Texture2D'/Game/NMSBaseBuilder/Features/Colors/Thumbnails/LEGACY1.LEGACY1'","LEGACY1.jpg"
Row1,"LEGACY1","Legacy - Rust",0,1,"White & Orange","(R=1.000000,G=1.000000,B=1.000000,A=1.000000)","(R=1.000000,G=0.444000,B=0.229000,A=1.000000)","Texture2D'/Game/NMSBaseBuilder/Features/Colors/Thumbnails/LEGACY1.LEGACY1'","LEGACY1.jpg"
Row2,"LEGACY1","Legacy - Stone",0,2,"White & Orange","(R=1.000000,G=1.000000,B=1.000000,A=1.000000)","(R=1.000000,G=0.444000,B=0.229000,A=1.000000)","Texture2D'/Game/NMSBaseBuilder/Features/Colors/Thumbnails/LEGACY1.LEGACY1'","LEGACY1.jpg"
Row3,"LEGACY1","Legacy - Wood",0,3,"White & Orange","(R=1.000000,G=1.000000,B=1.000000,A=1.000000)","(R=1.000000,G=0.444000,B=0.229000,A=1.000000)","Texture2D'/Game/NMSBaseBuilder/Features/Colors/Thumbnails/LEGACY1.LEGACY1'","LEGACY1.jpg"
Row4,"LEGACY2","Legacy - Concrete",1,0,"Black & Yellow","(R=0.137000,G=0.137000,B=0.137000,A=1.000000)","(R=0.817000,G=0.616000,B=0.147000,A=1.000000)","Texture2D'/Game/NMSBaseBuilder/Features/Colors/Thumbnails/LEGACY2.LEGACY2'","LEGACY2.jpg"
Row5,"LEGACY2","Legacy - Rust",1,1,"Black & Yellow","(R=0.137000,G=0.137000,B=0.137000,A=1.000000)","(R=0.817000,G=0.616000,B=0.147000,A=1.000000)","Texture2D'/Game/NMSBaseBuilder/Features/Colors/Thumbnails/LEGACY2.LEGACY2'","LEGACY2.jpg"
Row6,"LEGACY2","Legacy - Stone",1,2,"Black & Yellow","(R=0.137000,G=0.137000,B=0.137000,A=1.000000)","(R=0.817000,G=0.616000,B=0.147000,A=1.000000)","Texture2D'/Game/NMSBaseBuilder/Features/Colors/Thumbnails/LEGACY2.LEGACY2'","LEGACY2.jpg"
Row7,"LEGACY2","Legacy - Wood",1,3,"Black & Yellow","(R=0.137000,G=0.137000,B=0.137000,A=1.000000)","(R=0.817000,G=0.616000,B=0.147000,A=1.000000)","Texture2D'/Game/NMSBaseBuilder/Features/Colors/Thumbnails/LEGACY2.LEGACY2'","LEGACY2.jpg"
Row8,"LEGACY3","Legacy - Concrete",2,0,"Yellow & Blue","(R=0.940000,G=0.845000,B=0.152000,A=1.000000)","(R=0.241000,G=0.692000,B=0.867000,A=1.000000)","Texture2D'/Game/NMSBaseBuilder/Features/Colors/Thumbnails/LEGACY3.LEGACY3'","LEGACY3.jpg"
Row9,"LEGACY3","Legacy - Rust",2,1,"Yellow & Blue","(R=0.940000,G=0.845000,B=0.152000,A=1.000000)","(R=0.241000,G=0.692000,B=0.867000,A=1.000000)","Texture2D'/Game/NMSBaseBuilder/Features/Colors/Thumbnails/LEGACY3.LEGACY3'","LEGACY3.jpg"
Row10,"LEGACY3","Legacy - Stone",2,2,"Yellow & Blue","(R=0.940000,G=0.845000,B=0.152000,A=1.000000)","(R=0.241000,G=0.692000,B=0.867000,A=1.000000)","Texture2D'/Game/NMSBaseBuilder/Features/Colors/Thumbnails/LEGACY3.LEGACY3'","LEGACY3.jpg"
Row11,"LEGACY3","Legacy - Wood",2,3,"Yellow & Blue","(R=0.940000,G=0.845000,B=0.152000,A=1.000000)","(R=0.241000,G=0.692000,B=0.867000,A=1.000000)","Texture2D'/Game/NMSBaseBuilder/Features/Colors/Thumbnails/LEGACY3.LEGACY3'","LEGACY3.jpg"
Row12,"LEGACY4","Legacy - Concrete",3,0,"Teal","(R=0.780000,G=0.980000,B=0.900000,A=1.000000)","(R=0.537000,G=0.803000,B=0.792000,A=1.000000)","Texture2D'/Game/NMSBaseBuilder/Features/Colors/Thumbnails/LEGACY4.LEGACY4'","LEGACY4.jpg"
Row13,"LEGACY4","Legacy - Rust",3,1,"Teal","(R=0.780000,G=0.980000,B=0.900000,A=1.000000)","(R=0.537000,G=0.803000,B=0.792000,A=1.000000)","Texture2D'/Game/NMSBaseBuilder/Features/Colors/Thumbnails/LEGACY4.LEGACY4'","LEGACY4.jpg"
Row14,"LEGACY4","Legacy - Stone",3,2,"Teal","(R=0.780000,G=0.980000,B=0.900000,A=1.000000)","(R=0.537000,G=0.803000,B=0.792000,A=1.000000)","Texture2D'/Game/NMSBaseBuilder/Features/Colors/Thumbnails/LEGACY4.LEGACY4'","LEGACY4.jpg"
Row15,"LEGACY4","Legacy - Wood",3,3,"Teal","(R=0.780000,G=0.980000,B=0.900000,A=1.000000)","(R=0.537000,G=0.803000,B=0.792000,A=1.000000)","Texture2D'/Game/NMSBaseBuilder/Features/Colors/Thumbnails/LEGACY4.LEGACY4'","LEGACY4.jpg"
Row16,"LEGACY5","Legacy - Concrete",4,0,"Blue & White","(R=0.450000,G=0.608000,B=0.793000,A=1.000000)","(R=1.000000,G=1.000000,B=1.000000,A=1.000000)","Texture2D'/Game/NMSBaseBuilder/Features/Colors/Thumbnails/LEGACY5.LEGACY5'","LEGACY5.jpg"
Row17,"LEGACY5","Legacy - Rust",4,1,"Blue & White","(R=0.450000,G=0.608000,B=0.793000,A=1.000000)","(R=1.000000,G=1.000000,B=1.000000,A=1.000000)","Texture2D'/Game/NMSBaseBuilder/Features/Colors/Thumbnails/LEGACY5.LEGACY5'","LEGACY5.jpg"
Row18,"LEGACY5","Legacy - Stone",4,2,"Blue & White","(R=0.450000,G=0.608000,B=0.793000,A=1.000000)","(R=1.000000,G=1.000000,B=1.000000,A=1.000000)","Texture2D'/Game/NMSBaseBuilder/Features/Colors/Thumbnails/LEGACY5.LEGACY5'","LEGACY5.jpg"
Row19,"LEGACY5","Legacy - Wood",4,3,"Blue & White","(R=0.450000,G=0.608000,B=0.793000,A=1.000000)","(R=1.000000,G=1.000000,B=1.000000,A=1.000000)","Texture2D'/Game/NMSBaseBuilder/Features/Colors/Thumbnails/LEGACY5.LEGACY5'","LEGACY5.jpg"
Row20,"LEGACY6","Legacy - Concrete",5,0,"Blue & Orange","(R=0.248000,G=0.393000,B=0.563000,A=1.000000)","(R=1.000000,G=0.548000,B=0.095000,A=1.000000)","Texture2D'/Game/NMSBaseBuilder/Features/Colors/Thumbnails/LEGACY6.LEGACY6'","LEGACY6.jpg"
Row21,"LEGACY6","Legacy - Rust",5,1,"Blue & Orange","(R=0.248000,G=0.393000,B=0.563000,A=1.000000)","(R=1.000000,G=0.548000,B=0.095000,A=1.000000)","Texture2D'/Game/NMSBaseBuilder/Features/Colors/Thumbnails/LEGACY6.LEGACY6'","LEGACY6.jpg"
Row22,"LEGACY6","Legacy - Stone",5,2,"Blue & Orange","(R=0.248000,G=0.393000,B=0.563000,A=1.000000)","(R=1.000000,G=0.548000,B=0.095000,A=1.000000)","Texture2D'/Game/NMSBaseBuilder/Features/Colors/Thumbnails/LEGACY6.LEGACY6'","LEGACY6.jpg"
Row23,"LEGACY6","Legacy - Wood",5,3,"Blue & Orange","(R=0.248000,G=0.393000,B=0.563000,A=1.000000)","(R=1.000000,G=0.548000,B=0.095000,A=1.000000)","Texture2D'/Game/NMSBaseBuilder/Features/Colors/Thumbnails/LEGACY6.LEGACY6'","LEGACY6.jpg"
Row24,"LEGACY7","Legacy - Concrete",6,0,"Purple & Blue","(R=0.464000,G=0.415000,B=0.620000,A=1.000000)","(R=0.717000,G=0.843000,B=0.867000,A=1.000000)","Texture2D'/Game/NMSBaseBuilder/Features/Colors/Thumbnails/LEGACY7.LEGACY7'","LEGACY7.jpg"
Row25,"LEGACY7","Legacy - Rust",6,1,"Purple & Blue","(R=0.464000,G=0.415000,B=0.620000,A=1.000000)","(R=0.717000,G=0.843000,B=0.867000,A=1.000000)","Texture2D'/Game/NMSBaseBuilder/Features/Colors/Thumbnails/LEGACY7.LEGACY7'","LEGACY7.jpg"
Row26,"LEGACY7","Legacy - Stone",6,2,"Purple & Blue","(R=0.464000,G=0.415000,B=0.620000,A=1.000000)","(R=0.717000,G=0.843000,B=0.867000,A=1.000000)","Texture2D'/Game/NMSBaseBuilder/Features/Colors/Thumbnails/LEGACY7.LEGACY7'","LEGACY7.jpg"
Row27,"LEGACY7","Legacy - Wood",6,3,"Purple & Blue","(R=0.464000,G=0.415000,B=0.620000,A=1.000000)","(R=0.717000,G=0.843000,B=0.867000,A=1.000000)","Texture2D'/Game/NMSBaseBuilder/Features/Colors/Thumbnails/LEGACY7.LEGACY7'","LEGACY7.jpg"
Row28,"LEGACY8","Legacy - Concrete",7,0,"Lilac & Purple","(R=0.767000,G=0.648000,B=0.757000,A=1.000000)","(R=0.388000,G=0.265000,B=0.477000,A=1.000000)","Texture2D'/Game/NMSBaseBuilder/Features/Colors/Thumbnails/LEGACY8.LEGACY8'","LEGACY8.jpg"
Row29,"LEGACY8","Legacy - Rust",7,1,"Lilac & Purple","(R=0.767000,G=0.648000,B=0.757000,A=1.000000)","(R=0.388000,G=0.265000,B=0.477000,A=1.000000)","Texture2D'/Game/NMSBaseBuilder/Features/Colors/Thumbnails/LEGACY8.LEGACY8'","LEGACY8.jpg"
Row30,"LEGACY8","Legacy - Stone",7,2,"Lilac & Purple","(R=0.767000,G=0.648000,B=0.757000,A=1.000000)","(R=0.388000,G=0.265000,B=0.477000,A=1.000000)","Texture2D'/Game/NMSBaseBuilder/Features/Colors/Thumbnails/LEGACY8.LEGACY8'","LEGACY8.jpg"
Row31,"LEGACY8","Legacy - Wood",7,3,"Lilac & Purple","(R=0.767000,G=0.648000,B=0.757000,A=1.000000)","(R=0.388000,G=0.265000,B=0.477000,A=1.000000)","Texture2D'/Game/NMSBaseBuilder/Features/Colors/Thumbnails/LEGACY8.LEGACY8'","LEGACY8.jpg"
Row32,"LEGACY9","Legacy - Concrete",8,0,"Red & White","(R=0.717000,G=0.179000,B=0.179000,A=1.000000)","(R=1.000000,G=1.000000,B=1.000000,A=1.000000)","Texture2D'/Game/NMSBaseBuilder/Features/Colors/Thumbnails/LEGACY9.LEGACY9'","LEGACY9.jpg"
Row33,"LEGACY9","Legacy - Rust",8,1,"Red & White","(R=0.717000,G=0.179000,B=0.179000,A=1.000000)","(R=1.000000,G=1.000000,B=1.000000,A=1.000000)","Texture2D'/Game/NMSBaseBuilder/Features/Colors/Thumbnails/LEGACY9.LEGACY9'","LEGACY9.jpg"
Row34,"LEGACY9","Legacy - Stone",8,2,"Red & White","(R=0.717000,G=0.179000,B=0.179000,A=1.000000)","(R=1.000000,G=1.000000,B=1.000000,A=1.000000)","Texture2D'/Game/NMSBaseBuilder/Features/Colors/Thumbnails/LEGACY9.LEGACY9'","LEGACY9.jpg"
Row35,"LEGACY9","Legacy - Wood",8,3,"Red & White","(R=0.717000,G=0.179000,B=0.179000,A=1.000000)","(R=1.000000,G=1.000000,B=1.000000,A=1.000000)","Texture2D'/Game/NMSBaseBuilder/Features/Colors/Thumbnails/LEGACY9.LEGACY9'","LEGACY9.jpg"
Row36,"LEGACY10","Legacy - Concrete",9,0,"Orange & Blue","(R=0.837000,G=0.480000,B=0.221000,A=1.000000)","(R=0.238000,G=0.438000,B=0.550000,A=1.000000)","Texture2D'/Game/NMSBaseBuilder/Features/Colors/Thumbnails/LEGACY10.LEGACY10'","LEGACY10.jpg"
Row37,"LEGACY10","Legacy - Rust",9,1,"Orange & Blue","(R=0.837000,G=0.480000,B=0.221000,A=1.000000)","(R=0.238000,G=0.438000,B=0.550000,A=1.000000)","Texture2D'/Game/NMSBaseBuilder/Features/Colors/Thumbnails/LEGACY10.LEGACY10'","LEGACY10.jpg"
Row38,"LEGACY10","Legacy - Stone",9,2,"Orange & Blue","(R=0.837000,G=0.480000,B=0.221000,A=1.000000)","(R=0.238000,G=0.438000,B=0.550000,A=1.000000)","Texture2D'/Game/NMSBaseBuilder/Features/Colors/Thumbnails/LEGACY10.LEGACY10'","LEGACY10.jpg"
Row39,"LEGACY10","Legacy - Wood",9,3,"Orange & Blue","(R=0.837000,G=0.480000,B=0.221000,A=1.000000)","(R=0.238000,G=0.438000,B=0.550000,A=1.000000)","Texture2D'/Game/NMSBaseBuilder/Features/Colors/Thumbnails/LEGACY10.LEGACY10'","LEGACY10.jpg"
Row40,"LEGACY11","Legacy - Concrete",10,0,"Yellow & White","(R=0.860000,G=0.664000,B=0.394000,A=1.000000)","(R=1.000000,G=1.000000,B=1.000000,A=1.000000)","Texture2D'/Game/NMSBaseBuilder/Features/Colors/Thumbnails/LEGACY11.LEGACY11'","LEGACY11.jpg"
Row41,"LEGACY11","Legacy - Rust",10,1,"Yellow & White","(R=0.860000,G=0.664000,B=0.394000,A=1.000000)","(R=1.000000,G=1.000000,B=1.000000,A=1.000000)","Texture2D'/Game/NMSBaseBuilder/Features/Colors/Thumbnails/LEGACY11.LEGACY11'","LEGACY11.jpg"
Row42,"LEGACY11","Legacy - Stone",10,2,"Yellow & White","(R=0.860000,G=0.664000,B=0.394000,A=1.000000)","(R=1.000000,G=1.000000,B=1.000000,A=1.000000)","Texture2D'/Game/NMSBaseBuilder/Features/Colors/Thumbnails/LEGACY11.LEGACY11'","LEGACY11.jpg"
Row43,"LEGACY11","Legacy - Wood",10,3,"Yellow & White","(R=0.860000,G=0.664000,B=0.394000,A=1.000000)","(R=1.000000,G=1.000000,B=1.000000,A=1.000000)","Texture2D'/Game/NMSBaseBuilder/Features/Colors/Thumbnails/LEGACY11.LEGACY11'","LEGACY11.jpg"
Row44,"LEGACY12","Legacy - Concrete",11,0,"Green","(R=0.535000,G=0.627000,B=0.428000,A=1.000000)","(R=0.345000,G=0.407000,B=0.279000,A=1.000000)","Texture2D'/Game/NMSBaseBuilder/Features/Colors/Thumbnails/LEGACY12.LEGACY12'","LEGACY12.jpg"
Row45,"LEGACY12","Legacy - Rust",11,1,"Green","(R=0.535000,G=0.627000,B=0.428000,A=1.000000)","(R=0.345000,G=0.407000,B=0.279000,A=1.000000)","Texture2D'/Game/NMSBaseBuilder/Features/Colors/Thumbnails/LEGACY12.LEGACY12'","LEGACY12.jpg"
Row46,"LEGACY12","Legacy - Stone",11,2,"Green","(R=0.535000,G=0.627000,B=0.428000,A=1.000000)","(R=0.345000,G=0.407000,B=0.279000,A=1.000000)","Texture2D'/Game/NMSBaseBuilder/Features/Colors/Thumbnails/LEGACY12.LEGACY12'","LEGACY12.jpg"
Row47,"LEGACY12","Legacy - Wood",11,3,"Green","(R=0.535000,G=0.627000,B=0.428000,A=1.000000)","(R=0.345000,G=0.407000,B=0.279000,A=1.000000)","Texture2D'/Game/NMSBaseBuilder/Features/Colors/Thumbnails/LEGACY12.LEGACY12'","LEGACY12.jpg"
Row48,"LEGACY13","Legacy - Concrete",12,0,"Blue & Red","(R=0.518000,G=0.713000,B=0.750000,A=1.000000)","(R=0.763000,G=0.378000,B=0.293000,A=1.000000)","Texture2D'/Game/NMSBaseBuilder/Features/Colors/Thumbnails/LEGACY13.LEGACY13'","LEGACY13.jpg"
Row49,"LEGACY13","Legacy - Rust",12,1,"Blue & Red","(R=0.518000,G=0.713000,B=0.750000,A=1.000000)","(R=0.763000,G=0.378000,B=0.293000,A=1.000000)","Texture2D'/Game/NMSBaseBuilder/Features/Colors/Thumbnails/LEGACY13.LEGACY13'","LEGACY13.jpg"
Row50,"LEGACY13","Legacy - Stone",12,2,"Blue & Red","(R=0.518000,G=0.713000,B=0.750000,A=1.000000)","(R=0.763000,G=0.378000,B=0.293000,A=1.000000)","Texture2D'/Game/NMSBaseBuilder/Features/Colors/Thumbnails/LEGACY13.LEGACY13'","LEGACY13.jpg"
Row51,"LEGACY13","Legacy - Wood",12,3,"Blue & Red","(R=0.518000,G=0.713000,B=0.750000,A=1.000000)","(R=0.763000,G=0.378000,B=0.293000,A=1.000000)","Texture2D'/Game/NMSBaseBuilder/Features/Colors/Thumbnails/LEGACY13.LEGACY13'","LEGACY13.jpg"
Row52,"LEGACY14","Legacy - Concrete",13,0,"Purple & Yellow","(R=0.542000,G=0.425000,B=0.613000,A=1.000000)","(R=0.877000,G=0.735000,B=0.330000,A=1.000000)","Texture2D'/Game/NMSBaseBuilder/Features/Colors/Thumbnails/LEGACY14.LEGACY14'","LEGACY14.jpg"
Row53,"LEGACY14","Legacy - Rust",13,1,"Purple & Yellow","(R=0.542000,G=0.425000,B=0.613000,A=1.000000)","(R=0.877000,G=0.735000,B=0.330000,A=1.000000)","Texture2D'/Game/NMSBaseBuilder/Features/Colors/Thumbnails/LEGACY14.LEGACY14'","LEGACY14.jpg"
Row54,"LEGACY14","Legacy - Stone",13,2,"Purple & Yellow","(R=0.542000,G=0.425000,B=0.613000,A=1.000000)","(R=0.877000,G=0.735000,B=0.330000,A=1.000000)","Texture2D'/Game/NMSBaseBuilder/Features/Colors/Thumbnails/LEGACY14.LEGACY14'","LEGACY14.jpg"
Row55,"LEGACY14","Legacy - Wood",13,3,"Purple & Yellow","(R=0.542000,G=0.425000,B=0.613000,A=1.000000)","(R=0.877000,G=0.735000,B=0.330000,A=1.000000)","Texture2D'/Game/NMSBaseBuilder/Features/Colors/Thumbnails/LEGACY14.LEGACY14'","LEGACY14.jpg"
Row56,"LEGACY15","Legacy - Concrete",14,0,"Grey & Black","(R=0.630000,G=0.630000,B=0.630000,A=1.000000)","(R=0.000000,G=0.000000,B=0.000000,A=1.000000)","Texture2D'/Game/NMSBaseBuilder/Features/Colors/Thumbnails/LEGACY15.LEGACY15'","LEGACY15.jpg"
Row57,"LEGACY15","Legacy - Rust",14,1,"Grey & Black","(R=0.630000,G=0.630000,B=0.630000,A=1.000000)","(R=0.000000,G=0.000000,B=0.000000,A=1.000000)","Texture2D'/Game/NMSBaseBuilder/Features/Colors/Thumbnails/LEGACY15.LEGACY15'","LEGACY15.jpg"
Row58,"LEGACY15","Legacy - Stone",14,2,"Grey & Black","(R=0.630000,G=0.630000,B=0.630000,A=1.000000)","(R=0.000000,G=0.000000,B=0.000000,A=1.000000)","Texture2D'/Game/NMSBaseBuilder/Features/Colors/Thumbnails/LEGACY15.LEGACY15'","LEGACY15.jpg"
Row59,"LEGACY15","Legacy - Wood",14,3,"Grey & Black","(R=0.630000,G=0.630000,B=0.630000,A=1.000000)","(R=0.000000,G=0.000000,B=0.000000,A=1.000000)","Texture2D'/Game/NMSBaseBuilder/Features/Colors/Thumbnails/LEGACY15.LEGACY15'","LEGACY15.jpg"
Row60,"LEGACY16","Legacy - Concrete",15,0,"Grey & Red","(R=0.487000,G=0.487000,B=0.487000,A=1.000000)","(R=0.730000,G=0.218000,B=0.218000,A=1.000000)","Texture2D'/Game/NMSBaseBuilder/Features/Colors/Thumbnails/LEGACY16.LEGACY16'","LEGACY16.jpg"
Row61,"LEGACY16","Legacy - Rust",15,1,"Grey & Red","(R=0.487000,G=0.487000,B=0.487000,A=1.000000)","(R=0.730000,G=0.218000,B=0.218000,A=1.000000)","Texture2D'/Game/NMSBaseBuilder/Features/Colors/Thumbnails/LEGACY16.LEGACY16'","LEGACY16.jpg"
Row62,"LEGACY16","Legacy - Stone",15,2,"Grey & Red","(R=0.487000,G=0.487000,B=0.487000,A=1.000000)","(R=0.730000,G=0.218000,B=0.218000,A=1.000000)","Texture2D'/Game/NMSBaseBuilder/Features/Colors/Thumbnails/LEGACY16.LEGACY16'","LEGACY16.jpg"
Row63,"LEGACY16","Legacy - Wood",15,3,"Grey & Red","(R=0.487000,G=0.487000,B=0.487000,A=1.000000)","(R=0.730000,G=0.218000,B=0.218000,A=1.000000)","Texture2D'/Game/NMSBaseBuilder/Features/Colors/Thumbnails/LEGACY16.LEGACY16'","LEGACY16.jpg"
Row64,"STONENATURAL1","Stone - Polished Stone",23,0,"Pink & Natural","(R=0.875000,G=0.796000,B=0.678000,A=1.000000)","(R=0.836000,G=0.709000,B=0.652000,A=1.000000)","Texture2D'/Game/NMSBaseBuilder/Features/Colors/Thumbnails/STONENATURAL1.STONENATURAL1'","STONENATURAL1.jpg"
Row65,"STONENATURAL1","Stone - Aged Stone",23,1,"Pink & Natural","(R=0.875000,G=0.796000,B=0.678000,A=1.000000)","(R=0.836000,G=0.709000,B=0.652000,A=1.000000)","Texture2D'/Game/NMSBaseBuilder/Features/Colors/Thumbnails/STONENATURAL1.STONENATURAL1'","STONENATURAL1.jpg"
Row66,"STONENATURAL2","Stone - Polished Stone",24,0,"Natural & Brown","(R=0.731000,G=0.665000,B=0.532000,A=1.000000)","(R=0.863000,G=0.800000,B=0.671000,A=1.000000)","Texture2D'/Game/NMSBaseBuilder/Features/Colors/Thumbnails/STONENATURAL2.STONENATURAL2'","STONENATURAL2.jpg"
Row67,"STONENATURAL2","Stone - Aged Stone",24,1,"Natural & Brown","(R=0.731000,G=0.665000,B=0.532000,A=1.000000)","(R=0.863000,G=0.800000,B=0.671000,A=1.000000)","Texture2D'/Game/NMSBaseBuilder/Features/Colors/Thumbnails/STONENATURAL2.STONENATURAL2'","STONENATURAL2.jpg"
Row68,"STONENATURAL3","Stone - Polished Stone",25,0,"Grey & Red","(R=0.813000,G=0.629000,B=0.526000,A=1.000000)","(R=0.813000,G=0.784000,B=0.733000,A=1.000000)","Texture2D'/Game/NMSBaseBuilder/Features/Colors/Thumbnails/STONENATURAL3.STONENATURAL3'","STONENATURAL3.jpg"
Row69,"STONENATURAL3","Stone - Aged Stone",25,1,"Grey & Red","(R=0.813000,G=0.629000,B=0.526000,A=1.000000)","(R=0.813000,G=0.784000,B=0.733000,A=1.000000)","Texture2D'/Game/NMSBaseBuilder/Features/Colors/Thumbnails/STONENATURAL3.STONENATURAL3'","STONENATURAL3.jpg"
Row70,"STONENATURAL4","Stone - Polished Stone",26,0,"Pink & Grey","(R=0.760000,G=0.736000,B=0.701000,A=1.000000)","(R=0.863000,G=0.708000,B=0.676000,A=1.000000)","Texture2D'/Game/NMSBaseBuilder/Features/Colors/Thumbnails/STONENATURAL4.STONENATURAL4'","STONENATURAL4.jpg"
Row71,"STONENATURAL4","Stone - Aged Stone",26,1,"Pink & Grey","(R=0.760000,G=0.736000,B=0.701000,A=1.000000)","(R=0.863000,G=0.708000,B=0.676000,A=1.000000)","Texture2D'/Game/NMSBaseBuilder/Features/Colors/Thumbnails/STONENATURAL4.STONENATURAL4'","STONENATURAL4.jpg"
Row72,"STONEBLUE1","Stone - Polished Stone",27,0,"Blue & Red","(R=0.807000,G=0.648000,B=0.508000,A=1.000000)","(R=0.637000,G=0.683000,B=0.818000,A=1.000000)","Texture2D'/Game/NMSBaseBuilder/Features/Colors/Thumbnails/STONEBLUE1.STONEBLUE1'","STONEBLUE1.jpg"
Row73,"STONEBLUE1","Stone - Aged Stone",27,1,"Blue & Red","(R=0.807000,G=0.648000,B=0.508000,A=1.000000)","(R=0.637000,G=0.683000,B=0.818000,A=1.000000)","Texture2D'/Game/NMSBaseBuilder/Features/Colors/Thumbnails/STONEBLUE1.STONEBLUE1'","STONEBLUE1.jpg"
Row74,"STONEBLUE2","Stone - Polished Stone",28,0,"Teal & Blue","(R=0.707000,G=0.762000,B=0.862000,A=1.000000)","(R=0.583000,G=0.688000,B=0.751000,A=1.000000)","Texture2D'/Game/NMSBaseBuilder/Features/Colors/Thumbnails/STONEBLUE2.STONEBLUE2'","STONEBLUE2.jpg"
Row75,"STONEBLUE2","Stone - Aged Stone",28,1,"Teal & Blue","(R=0.707000,G=0.762000,B=0.862000,A=1.000000)","(R=0.583000,G=0.688000,B=0.751000,A=1.000000)","Texture2D'/Game/NMSBaseBuilder/Features/Colors/Thumbnails/STONEBLUE2.STONEBLUE2'","STONEBLUE2.jpg"
Row76,"STONEBLUE3","Stone - Polished Stone",29,0,"Blue & Grey","(R=0.732000,G=0.736000,B=0.742000,A=1.000000)","(R=0.602000,G=0.675000,B=0.751000,A=1.000000)","Texture2D'/Game/NMSBaseBuilder/Features/Colors/Thumbnails/STONEBLUE3.STONEBLUE3'","STONEBLUE3.jpg"
Row77,"STONEBLUE3","Stone - Aged Stone",29,1,"Blue & Grey","(R=0.732000,G=0.736000,B=0.742000,A=1.000000)","(R=0.602000,G=0.675000,B=0.751000,A=1.000000)","Texture2D'/Game/NMSBaseBuilder/Features/Colors/Thumbnails/STONEBLUE3.STONEBLUE3'","STONEBLUE3.jpg"
Row78,"STONEGREEN1","Stone - Polished Stone",30,0,"Blue & Green","(R=0.689000,G=0.744000,B=0.668000,A=1.000000)","(R=0.581000,G=0.651000,B=0.637000,A=1.000000)","Texture2D'/Game/NMSBaseBuilder/Features/Colors/Thumbnails/STONEGREEN1.STONEGREEN1'","STONEGREEN1.jpg"
Row79,"STONEGREEN1","Stone - Aged Stone",30,1,"Blue & Green","(R=0.689000,G=0.744000,B=0.668000,A=1.000000)","(R=0.581000,G=0.651000,B=0.637000,A=1.000000)","Texture2D'/Game/NMSBaseBuilder/Features/Colors/Thumbnails/STONEGREEN1.STONEGREEN1'","STONEGREEN1.jpg"
Row80,"STONEGREEN2","Stone - Polished Stone",31,0,"Grey & Green","(R=0.569000,G=0.642000,B=0.565000,A=1.000000)","(R=0.644000,G=0.651000,B=0.590000,A=1.000000)","Texture2D'/Game/NMSBaseBuilder/Features/Colors/Thumbnails/STONEGREEN2.STONEGREEN2'","STONEGREEN2.jpg"
Row81,"STONEGREEN2","Stone - Aged Stone",31,1,"Grey & Green","(R=0.569000,G=0.642000,B=0.565000,A=1.000000)","(R=0.644000,G=0.651000,B=0.590000,A=1.000000)","Texture2D'/Game/NMSBaseBuilder/Features/Colors/Thumbnails/STONEGREEN2.STONEGREEN2'","STONEGREEN2.jpg"
Row82,"STONEGREEN3","Stone - Polished Stone",32,0,"Green & Red","(R=0.656000,G=0.564000,B=0.543000,A=1.000000)","(R=0.546000,G=0.667000,B=0.645000,A=1.000000)","Texture2D'/Game/NMSBaseBuilder/Features/Colors/Thumbnails/STONEGREEN3.STONEGREEN3'","STONEGREEN3.jpg"
Row83,"STONEGREEN3","Stone - Aged Stone",32,1,"Green & Red","(R=0.656000,G=0.564000,B=0.543000,A=1.000000)","(R=0.546000,G=0.667000,B=0.645000,A=1.000000)","Texture2D'/Game/NMSBaseBuilder/Features/Colors/Thumbnails/STONEGREEN3.STONEGREEN3'","STONEGREEN3.jpg"
Row84,"STONEROYAL1","Stone - Polished Stone",33,0,"Golden Royal","(R=0.838000,G=0.696000,B=0.484000,A=1.000000)","(R=0.902000,G=0.767000,B=0.575000,A=1.000000)","Texture2D'/Game/NMSBaseBuilder/Features/Colors/Thumbnails/STONEROYAL1.STONEROYAL1'","STONEROYAL1.jpg"
Row85,"STONEROYAL1","Stone - Aged Stone",33,1,"Golden Royal","(R=0.838000,G=0.696000,B=0.484000,A=1.000000)","(R=0.902000,G=0.767000,B=0.575000,A=1.000000)","Texture2D'/Game/NMSBaseBuilder/Features/Colors/Thumbnails/STONEROYAL1.STONEROYAL1'","STONEROYAL1.jpg"
Row86,"FIBREGLASS1","Fiberglass - Polished Alloy",50,0,"White & Orange","(R=1.000000,G=0.980000,B=0.973000,A=1.000000)","(R=0.396000,G=0.486000,B=0.482000,A=1.000000)","Texture2D'/Game/NMSBaseBuilder/Features/Colors/Thumbnails/FIBREGLASS1.FIBREGLASS1'","FIBREGLASS1.jpg"
Row87,"FIBREGLASS1","Fiberglass - Rusted Alloy",50,1,"White & Orange","(R=1.000000,G=0.980000,B=0.973000,A=1.000000)","(R=0.396000,G=0.486000,B=0.482000,A=1.000000)","Texture2D'/Game/NMSBaseBuilder/Features/Colors/Thumbnails/FIBREGLASS1.FIBREGLASS1'","FIBREGLASS1.jpg"
Row88,"FIBREGLASS2","Fiberglass - Polished Alloy",51,0,"Grey & Red","(R=0.843000,G=0.827000,B=0.761000,A=1.000000)","(R=0.490000,G=0.580000,B=0.612000,A=1.000000)","Texture2D'/Game/NMSBaseBuilder/Features/Colors/Thumbnails/FIBREGLASS2.FIBREGLASS2'","FIBREGLASS2.jpg"
Row89,"FIBREGLASS2","Fiberglass - Rusted Alloy",51,1,"Grey & Red","(R=0.843000,G=0.827000,B=0.761000,A=1.000000)","(R=0.490000,G=0.580000,B=0.612000,A=1.000000)","Texture2D'/Game/NMSBaseBuilder/Features/Colors/Thumbnails/FIBREGLASS2.FIBREGLASS2'","FIBREGLASS2.jpg"
Row90,"FIBREGLASS3","Fiberglass - Polished Alloy",52,0,"Orange & Teal","(R=0.922000,G=0.741000,B=0.565000,A=1.000000)","(R=0.435000,G=0.286000,B=0.235000,A=1.000000)","Texture2D'/Game/NMSBaseBuilder/Features/Colors/Thumbnails/FIBREGLASS3.FIBREGLASS3'","FIBREGLASS3.jpg"
Row91,"FIBREGLASS3","Fiberglass - Rusted Alloy",52,1,"Orange & Teal","(R=0.922000,G=0.741000,B=0.565000,A=1.000000)","(R=0.435000,G=0.286000,B=0.235000,A=1.000000)","Texture2D'/Game/NMSBaseBuilder/Features/Colors/Thumbnails/FIBREGLASS3.FIBREGLASS3'","FIBREGLASS3.jpg"
Row92,"FIBREGLASS4","Fiberglass - Polished Alloy",53,0,"Blue & Orange","(R=0.667000,G=0.839000,B=0.953000,A=1.000000)","(R=0.137000,G=0.165000,B=0.212000,A=1.000000)","Texture2D'/Game/NMSBaseBuilder/Features/Colors/Thumbnails/FIBREGLASS4.FIBREGLASS4'","FIBREGLASS4.jpg"
Row93,"FIBREGLASS4","Fiberglass - Rusted Alloy",53,1,"Blue & Orange","(R=0.667000,G=0.839000,B=0.953000,A=1.000000)","(R=0.137000,G=0.165000,B=0.212000,A=1.000000)","Texture2D'/Game/NMSBaseBuilder/Features/Colors/Thumbnails/FIBREGLASS4.FIBREGLASS4'","FIBREGLASS4.jpg"
Row94,"FIBREGLASS5","Fiberglass - Polished Alloy",54,0,"Green & Grey","(R=0.749000,G=0.808000,B=0.686000,A=1.000000)","(R=0.212000,G=0.212000,B=0.192000,A=1.000000)","Texture2D'/Game/NMSBaseBuilder/Features/Colors/Thumbnails/FIBREGLASS5.FIBREGLASS5'","FIBREGLASS5.jpg"
Row95,"FIBREGLASS5","Fiberglass - Rusted Alloy",54,1,"Green & Grey","(R=0.749000,G=0.808000,B=0.686000,A=1.000000)","(R=0.212000,G=0.212000,B=0.192000,A=1.000000)","Texture2D'/Game/NMSBaseBuilder/Features/Colors/Thumbnails/FIBREGLASS5.FIBREGLASS5'","FIBREGLASS5.jpg"
Row96,"FIBREGLASS6","Fiberglass - Polished Alloy",55,0,"Yellow & Purple","(R=0.953000,G=0.831000,B=0.576000,A=1.000000)","(R=0.212000,G=0.212000,B=0.192000,A=1.000000)","Texture2D'/Game/NMSBaseBuilder/Features/Colors/Thumbnails/FIBREGLASS6.FIBREGLASS6'","FIBREGLASS6.jpg"
Row97,"FIBREGLASS6","Fiberglass - Rusted Alloy",55,1,"Yellow & Purple","(R=0.953000,G=0.831000,B=0.576000,A=1.000000)","(R=0.212000,G=0.212000,B=0.192000,A=1.000000)","Texture2D'/Game/NMSBaseBuilder/Features/Colors/Thumbnails/FIBREGLASS6.FIBREGLASS6'","FIBREGLASS6.jpg"
Row98,"FIBREGLASS7","Fiberglass - Polished Alloy",56,0,"Purple & White","(R=0.576000,G=0.490000,B=0.592000,A=1.000000)","(R=0.718000,G=0.659000,B=0.561000,A=1.000000)","Texture2D'/Game/NMSBaseBuilder/Features/Colors/Thumbnails/FIBREGLASS7.FIBREGLASS7'","FIBREGLASS7.jpg"
Row99,"FIBREGLASS7","Fiberglass - Rusted Alloy",56,1,"Purple & White","(R=0.576000,G=0.490000,B=0.592000,A=1.000000)","(R=0.718000,G=0.659000,B=0.561000,A=1.000000)","Texture2D'/Game/NMSBaseBuilder/Features/Colors/Thumbnails/FIBREGLASS7.FIBREGLASS7'","FIBREGLASS7.jpg"
Row100,"FIBREGLASS8","Fiberglass - Polished Alloy",57,0,"Red & Grey","(R=0.659000,G=0.498000,B=0.471000,A=1.000000)","(R=0.612000,G=0.718000,B=0.714000,A=1.000000)","Texture2D'/Game/NMSBaseBuilder/Features/Colors/Thumbnails/FIBREGLASS8.FIBREGLASS8'","FIBREGLASS8.jpg"
Row101,"FIBREGLASS8","Fiberglass - Rusted Alloy",57,1,"Red & Grey","(R=0.659000,G=0.498000,B=0.471000,A=1.000000)","(R=0.612000,G=0.718000,B=0.714000,A=1.000000)","Texture2D'/Game/NMSBaseBuilder/Features/Colors/Thumbnails/FIBREGLASS8.FIBREGLASS8'","FIBREGLASS8.jpg"
Row102,"TIMBERBASIC1","Timber - Polished Timber",74,0,"Oak","(R=0.731000,G=0.626000,B=0.511000,A=1.000000)","(R=0.731000,G=0.626000,B=0.511000,A=1.000000)","Texture2D'/Game/NMSBaseBuilder/Features/Colors/Thumbnails/TIMBERBASIC1.TIMBERBASIC1'","TIMBERBASIC1.jpg"
Row103,"TIMBERBASIC1","Timber - Weathered Timber",74,1,"Oak","(R=0.731000,G=0.626000,B=0.511000,A=1.000000)","(R=0.731000,G=0.626000,B=0.511000,A=1.000000)","Texture2D'/Game/NMSBaseBuilder/Features/Colors/Thumbnails/TIMBERBASIC1.TIMBERBASIC1'","TIMBERBASIC1.jpg"
Row104,"TIMBERBASIC2","Timber - Polished Timber",75,0,"Pine","(R=0.875000,G=0.796000,B=0.678000,A=1.000000)","(R=0.875000,G=0.796000,B=0.678000,A=1.000000)","Texture2D'/Game/NMSBaseBuilder/Features/Colors/Thumbnails/TIMBERBASIC2.TIMBERBASIC2'","TIMBERBASIC2.jpg"
Row105,"TIMBERBASIC2","Timber - Weathered Timber",75,1,"Pine","(R=0.875000,G=0.796000,B=0.678000,A=1.000000)","(R=0.875000,G=0.796000,B=0.678000,A=1.000000)","Texture2D'/Game/NMSBaseBuilder/Features/Colors/Thumbnails/TIMBERBASIC2.TIMBERBASIC2'","TIMBERBASIC2.jpg"
Row106,"TIMBERBASIC3","Timber - Polished Timber",76,0,"Pine & Mahogany","(R=0.875000,G=0.796000,B=0.678000,A=1.000000)","(R=0.509000,G=0.476000,B=0.426000,A=1.000000)","Texture2D'/Game/NMSBaseBuilder/Features/Colors/Thumbnails/TIMBERBASIC3.TIMBERBASIC3'","TIMBERBASIC3.jpg"
Row107,"TIMBERBASIC3","Timber - Weathered Timber",76,1,"Pine & Mahogany","(R=0.875000,G=0.796000,B=0.678000,A=1.000000)","(R=0.509000,G=0.476000,B=0.426000,A=1.000000)","Texture2D'/Game/NMSBaseBuilder/Features/Colors/Thumbnails/TIMBERBASIC3.TIMBERBASIC3'","TIMBERBASIC3.jpg"
Row108,"TIMBERBASIC4","Timber - Polished Timber",77,0,"Mahogany","(R=0.500000,G=0.391000,B=0.318000,A=1.000000)","(R=0.500000,G=0.391000,B=0.318000,A=1.000000)","Texture2D'/Game/NMSBaseBuilder/Features/Colors/Thumbnails/TIMBERBASIC4.TIMBERBASIC4'","TIMBERBASIC4.jpg"
Row109,"TIMBERBASIC4","Timber - Weathered Timber",77,1,"Mahogany","(R=0.500000,G=0.391000,B=0.318000,A=1.000000)","(R=0.500000,G=0.391000,B=0.318000,A=1.000000)","Texture2D'/Game/NMSBaseBuilder/Features/Colors/Thumbnails/TIMBERBASIC4.TIMBERBASIC4'","TIMBERBASIC4.jpg"
Row110,"TIMBERSTAINED1","Timber - Polished Timber",78,0,"Teal & Oak","(R=0.497000,G=0.653000,B=0.619000,A=1.000000)","(R=0.742000,G=0.670000,B=0.583000,A=1.000000)","Texture2D'/Game/NMSBaseBuilder/Features/Colors/Thumbnails/TIMBERSTAINED1.TIMBERSTAINED1'","TIMBERSTAINED1.jpg"
Row111,"TIMBERSTAINED1","Timber - Weathered Timber",78,1,"Teal & Oak","(R=0.497000,G=0.653000,B=0.619000,A=1.000000)","(R=0.742000,G=0.670000,B=0.583000,A=1.000000)","Texture2D'/Game/NMSBaseBuilder/Features/Colors/Thumbnails/TIMBERSTAINED1.TIMBERSTAINED1'","TIMBERSTAINED1.jpg"
Row112,"TIMBERSTAINED2","Timber - Polished Timber",79,0,"Grey Oak & Red","(R=0.509000,G=0.476000,B=0.426000,A=1.000000)","(R=0.776000,G=0.494000,B=0.376000,A=1.000000)","Texture2D'/Game/NMSBaseBuilder/Features/Colors/Thumbnails/TIMBERSTAINED2.TIMBERSTAINED2'","TIMBERSTAINED2.jpg"
Row113,"TIMBERSTAINED2","Timber - Weathered Timber",79,1,"Grey Oak & Red","(R=0.509000,G=0.476000,B=0.426000,A=1.000000)","(R=0.776000,G=0.494000,B=0.376000,A=1.000000)","Texture2D'/Game/NMSBaseBuilder/Features/Colors/Thumbnails/TIMBERSTAINED2.TIMBERSTAINED2'","TIMBERSTAINED2.jpg"
Row114,"TIMBERSTAINED3","Timber - Polished Timber",80,0,"Pine & Blue","(R=0.887000,G=0.814000,B=0.704000,A=1.000000)","(R=0.659000,G=0.721000,B=0.893000,A=1.000000)","Texture2D'/Game/NMSBaseBuilder/Features/Colors/Thumbnails/TIMBERSTAINED3.TIMBERSTAINED3'","TIMBERSTAINED3.jpg"
Row115,"TIMBERSTAINED3","Timber - Weathered Timber",80,1,"Pine & Blue","(R=0.887000,G=0.814000,B=0.704000,A=1.000000)","(R=0.659000,G=0.721000,B=0.893000,A=1.000000)","Texture2D'/Game/NMSBaseBuilder/Features/Colors/Thumbnails/TIMBERSTAINED3.TIMBERSTAINED3'","TIMBERSTAINED3.jpg"
Row116,"TIMBERSTAINED4","Timber - Polished Timber",81,0,"Pine & Purple","(R=0.891000,G=0.791000,B=0.590000,A=1.000000)","(R=0.693000,G=0.526000,B=0.561000,A=1.000000)","Texture2D'/Game/NMSBaseBuilder/Features/Colors/Thumbnails/TIMBERSTAINED4.TIMBERSTAINED4'","TIMBERSTAINED4.jpg"
Row117,"TIMBERSTAINED4","Timber - Weathered Timber",81,1,"Pine & Purple","(R=0.891000,G=0.791000,B=0.590000,A=1.000000)","(R=0.693000,G=0.526000,B=0.561000,A=1.000000)","Texture2D'/Game/NMSBaseBuilder/Features/Colors/Thumbnails/TIMBERSTAINED4.TIMBERSTAINED4'","TIMBERSTAINED4.jpg"
Row118,"TIMBERROYAL1","Timber - Polished Timber",82,0,"Golden Pine & Oak","(R=0.956000,G=0.790000,B=0.458000,A=1.000000)","(R=0.741000,G=0.616000,B=0.478000,A=1.000000)","Texture2D'/Game/NMSBaseBuilder/Features/Colors/Thumbnails/TIMBERROYAL1.TIMBERROYAL1'","TIMBERROYAL1.jpg"
Row119,"TIMBERROYAL1","Timber - Weathered Timber",82,1,"Golden Pine & Oak","(R=0.956000,G=0.790000,B=0.458000,A=1.000000)","(R=0.741000,G=0.616000,B=0.478000,A=1.000000)","Texture2D'/Game/NMSBaseBuilder/Features/Colors/Thumbnails/TIMBERROYAL1.TIMBERROYAL1'","TIMBERROYAL1.jpg"
Row120,"BUILDERS1","Salvaged - Polished Salvage",34,0,"White & Black","(R=1.000000,G=1.000000,B=1.000000,A=1.000000)","(R=0.396000,G=0.486000,B=0.482000,A=1.000000)","Texture2D'/Game/NMSBaseBuilder/Features/Colors/Thumbnails/BUILDERS1.BUILDERS1'","BUILDERS1.jpg"
Row121,"BUILDERS1","Salvaged - Rusted Salvage",34,1,"White & Black","(R=1.000000,G=1.000000,B=1.000000,A=1.000000)","(R=0.396000,G=0.486000,B=0.482000,A=1.000000)","Texture2D'/Game/NMSBaseBuilder/Features/Colors/Thumbnails/BUILDERS1.BUILDERS1'","BUILDERS1.jpg"
Row122,"BUILDERS2","Salvaged - Polished Salvage",35,0,"Tan & Silver","(R=0.813000,G=0.783000,B=0.656000,A=1.000000)","(R=0.490000,G=0.580000,B=0.612000,A=1.000000)","Texture2D'/Game/NMSBaseBuilder/Features/Colors/Thumbnails/BUILDERS2.BUILDERS2'","BUILDERS2.jpg"
Row123,"BUILDERS2","Salvaged - Rusted Salvage",35,1,"Tan & Silver","(R=0.813000,G=0.783000,B=0.656000,A=1.000000)","(R=0.490000,G=0.580000,B=0.612000,A=1.000000)","Texture2D'/Game/NMSBaseBuilder/Features/Colors/Thumbnails/BUILDERS2.BUILDERS2'","BUILDERS2.jpg"
Row124,"BUILDERS3","Salvaged - Polished Salvage",36,0,"Olive & Bronze","(R=0.430000,G=0.500000,B=0.395000,A=1.000000)","(R=0.435000,G=0.286000,B=0.235000,A=1.000000)","Texture2D'/Game/NMSBaseBuilder/Features/Colors/Thumbnails/BUILDERS3.BUILDERS3'","BUILDERS3.jpg"
Row125,"BUILDERS3","Salvaged - Rusted Salvage",36,1,"Olive & Bronze","(R=0.430000,G=0.500000,B=0.395000,A=1.000000)","(R=0.435000,G=0.286000,B=0.235000,A=1.000000)","Texture2D'/Game/NMSBaseBuilder/Features/Colors/Thumbnails/BUILDERS3.BUILDERS3'","BUILDERS3.jpg"
Row126,"BUILDERS4","Salvaged - Polished Salvage",37,0,"Orange & Silver","(R=0.900000,G=0.580000,B=0.450000,A=1.000000)","(R=0.137000,G=0.165000,B=0.212000,A=1.000000)","Texture2D'/Game/NMSBaseBuilder/Features/Colors/Thumbnails/BUILDERS4.BUILDERS4'","BUILDERS4.jpg"
Row127,"BUILDERS4","Salvaged - Rusted Salvage",37,1,"Orange & Silver","(R=0.900000,G=0.580000,B=0.450000,A=1.000000)","(R=0.137000,G=0.165000,B=0.212000,A=1.000000)","Texture2D'/Game/NMSBaseBuilder/Features/Colors/Thumbnails/BUILDERS4.BUILDERS4'","BUILDERS4.jpg"
Row128,"BUILDERS5","Salvaged - Polished Salvage",38,0,"Black & Gold","(R=0.350000,G=0.350000,B=0.330000,A=1.000000)","(R=0.212000,G=0.212000,B=0.192000,A=1.000000)","Texture2D'/Game/NMSBaseBuilder/Features/Colors/Thumbnails/BUILDERS5.BUILDERS5'","BUILDERS5.jpg"
Row129,"BUILDERS5","Salvaged - Rusted Salvage",38,1,"Black & Gold","(R=0.350000,G=0.350000,B=0.330000,A=1.000000)","(R=0.212000,G=0.212000,B=0.192000,A=1.000000)","Texture2D'/Game/NMSBaseBuilder/Features/Colors/Thumbnails/BUILDERS5.BUILDERS5'","BUILDERS5.jpg"
Row130,"BUILDERS6","Salvaged - Polished Salvage",39,0,"Blue & Rose Gold","(R=0.545000,G=0.622000,B=0.707000,A=1.000000)","(R=0.212000,G=0.212000,B=0.192000,A=1.000000)","Texture2D'/Game/NMSBaseBuilder/Features/Colors/Thumbnails/BUILDERS6.BUILDERS6'","BUILDERS6.jpg"
Row131,"BUILDERS6","Salvaged - Rusted Salvage",39,1,"Blue & Rose Gold","(R=0.545000,G=0.622000,B=0.707000,A=1.000000)","(R=0.212000,G=0.212000,B=0.192000,A=1.000000)","Texture2D'/Game/NMSBaseBuilder/Features/Colors/Thumbnails/BUILDERS6.BUILDERS6'","BUILDERS6.jpg"
Row132,"BUILDERS7","Salvaged - Polished Salvage",40,0,"Grey & Silver","(R=1.000000,G=0.980000,B=0.973000,A=1.000000)","(R=0.396000,G=0.486000,B=0.482000,A=1.000000)","Texture2D'/Game/NMSBaseBuilder/Features/Colors/Thumbnails/BUILDERS7.BUILDERS7'","BUILDERS7.jpg"
Row133,"BUILDERS7","Salvaged - Rusted Salvage",40,1,"Grey & Silver","(R=1.000000,G=0.980000,B=0.973000,A=1.000000)","(R=0.396000,G=0.486000,B=0.482000,A=1.000000)","Texture2D'/Game/NMSBaseBuilder/Features/Colors/Thumbnails/BUILDERS7.BUILDERS7'","BUILDERS7.jpg"
Row134,"BUILDERS8","Salvaged - Polished Salvage",41,0,"Green & Silver","(R=0.578000,G=0.640000,B=0.545000,A=1.000000)","(R=0.612000,G=0.718000,B=0.714000,A=1.000000)","Texture2D'/Game/NMSBaseBuilder/Features/Colors/Thumbnails/BUILDERS8.BUILDERS8'","BUILDERS8.jpg"
Row135,"BUILDERS8","Salvaged - Rusted Salvage",41,1,"Green & Silver","(R=0.578000,G=0.640000,B=0.545000,A=1.000000)","(R=0.612000,G=0.718000,B=0.714000,A=1.000000)","Texture2D'/Game/NMSBaseBuilder/Features/Colors/Thumbnails/BUILDERS8.BUILDERS8'","BUILDERS8.jpg"
Row136,"FREIGHTERBASE0","Freighter",83,0,"White & Orange","(R=0.922000,G=0.922000,B=0.922000,A=1.000000)","(R=0.882000,G=0.479000,B=0.312000,A=1.000000)","Texture2D'/Game/NMSBaseBuilder/Features/Colors/Thumbnails/FREIGHTERBASE0.FREIGHTERBASE0'","FREIGHTERBASE0.jpg"
Row137,"FREIGHTERBASE1","Freighter",84,0,"White & Teal","(R=0.962000,G=0.962000,B=0.962000,A=1.000000)","(R=0.505000,G=0.713000,B=0.711000,A=1.000000)","Texture2D'/Game/NMSBaseBuilder/Features/Colors/Thumbnails/FREIGHTERBASE1.FREIGHTERBASE1'","FREIGHTERBASE1.jpg"
Row138,"FREIGHTERBASE2","Freighter",85,0,"White & Purple","(R=0.962000,G=0.962000,B=0.962000,A=1.000000)","(R=0.541000,G=0.514000,B=0.689000,A=1.000000)","Texture2D'/Game/NMSBaseBuilder/Features/Colors/Thumbnails/FREIGHTERBASE2.FREIGHTERBASE2'","FREIGHTERBASE2.jpg"
Row139,"FREIGHTERBASE3","Freighter",86,0,"White & Red","(R=0.962000,G=0.962000,B=0.962000,A=1.000000)","(R=0.749000,G=0.349000,B=0.349000,A=1.000000)","Texture2D'/Game/NMSBaseBuilder/Features/Colors/Thumbnails/FREIGHTERBASE3.FREIGHTERBASE3'","FREIGHTERBASE3.jpg"
Row140,"FREIGHTERBASE4","Freighter",87,0,"White & Grey","(R=1.000000,G=1.000000,B=1.000000,A=1.000000)","(R=0.782000,G=0.782000,B=0.782000,A=1.000000)","Texture2D'/Game/NMSBaseBuilder/Features/Colors/Thumbnails/FREIGHTERBASE4.FREIGHTERBASE4'","FREIGHTERBASE4.jpg"
Row141,"FREIGHTERBASE5","Freighter",88,0,"Dark Grey & Red","(R=0.413000,G=0.413000,B=0.413000,A=1.000000)","(R=0.789000,G=0.355000,B=0.355000,A=1.000000)","Texture2D'/Game/NMSBaseBuilder/Features/Colors/Thumbnails/FREIGHTERBASE5.FREIGHTERBASE5'","FREIGHTERBASE5.jpg"
Row142,"FREIGHTERBASE6","Freighter",89,0,"Grey-Blue & Blue","(R=0.614000,G=0.767000,B=0.876000,A=1.000000)","(R=0.401000,G=0.432000,B=0.464000,A=1.000000)","Texture2D'/Game/NMSBaseBuilder/Features/Colors/Thumbnails/FREIGHTERBASE6.FREIGHTERBASE6'","FREIGHTERBASE6.jpg"
Row143,"FREIGHTERBASE7","Freighter",90,0,"Olive & Green","(R=0.640000,G=0.633000,B=0.561000,A=1.000000)","(R=0.860000,G=0.830000,B=0.754000,A=1.000000)","Texture2D'/Game/NMSBaseBuilder/Features/Colors/Thumbnails/FREIGHTERBASE7.FREIGHTERBASE7'","FREIGHTERBASE7.jpg"
Row144,"FREIGHTERBASE8","Freighter",91,0,"Red & Dark Grey","(R=0.731000,G=0.486000,B=0.469000,A=1.000000)","(R=0.436000,G=0.436000,B=0.436000,A=1.000000)","Texture2D'/Game/NMSBaseBuilder/Features/Colors/Thumbnails/FREIGHTERBASE8.FREIGHTERBASE8'","FREIGHTERBASE8.jpg"
Row145,"FREIGHTERBASE9","Freighter",92,0,"Beige & Yellow","(R=0.860000,G=0.830000,B=0.754000,A=1.000000)","(R=0.807000,G=0.673000,B=0.448000,A=1.000000)","Texture2D'/Game/NMSBaseBuilder/Features/Colors/Thumbnails/FREIGHTERBASE9.FREIGHTERBASE9'","FREIGHTERBASE9.jpg"
Row146,"FREIGHTERBASE10","Freighter",93,0,"Yellow & Dark Grey","(R=0.840000,G=0.685000,B=0.424000,A=1.000000)","(R=0.370000,G=0.404000,B=0.401000,A=1.000000)","Texture2D'/Game/NMSBaseBuilder/Features/Colors/Thumbnails/FREIGHTERBASE10.FREIGHTERBASE10'","FREIGHTERBASE10.jpg"
Row147,"FREIGHTERBASE11","Freighter",94,0,"Light Grey & Red","(R=0.849000,G=0.849000,B=0.849000,A=1.000000)","(R=0.638000,G=0.638000,B=0.638000,A=1.000000)","Texture2D'/Game/NMSBaseBuilder/Features/Colors/Thumbnails/FREIGHTERBASE11.FREIGHTERBASE11'","FREIGHTERBASE11.jpg"
Row148,"FREIGHTERBASE12","Freighter",95,0,"Dark Grey & Light Grey","(R=0.616000,G=0.616000,B=0.616000,A=1.000000)","(R=0.851000,G=0.851000,B=0.851000,A=1.000000)","Texture2D'/Game/NMSBaseBuilder/Features/Colors/Thumbnails/FREIGHTERBASE12.FREIGHTERBASE12'","FREIGHTERBASE12.jpg"
Row149,"FREIGHTERBASE13","Freighter",96,0,"Grey & Green","(R=0.962000,G=0.962000,B=0.962000,A=1.000000)","(R=0.722000,G=0.722000,B=0.722000,A=1.000000)","Texture2D'/Game/NMSBaseBuilder/Features/Colors/Thumbnails/FREIGHTERBASE13.FREIGHTERBASE13'","FREIGHTERBASE13.jpg"
Row150,"FREIGHTERBASE14","Freighter",97,0,"Beige & Grey","(R=0.856000,G=0.818000,B=0.727000,A=1.000000)","(R=0.460000,G=0.460000,B=0.460000,A=1.000000)","Texture2D'/Game/NMSBaseBuilder/Features/Colors/Thumbnails/FREIGHTERBASE14.FREIGHTERBASE14'","FREIGHTERBASE14.jpg"
Row151,"FREIGHTERBASE15","Freighter",98,0,"Teal & Pink","(R=0.727000,G=0.856000,B=0.831000,A=1.000000)","(R=0.573000,G=0.516000,B=0.687000,A=1.000000)","Texture2D'/Game/NMSBaseBuilder/Features/Colors/Thumbnails/FREIGHTERBASE15.FREIGHTERBASE15'","FREIGHTERBASE15.jpg"
Row152,"BIGGS0","Corvette - Gloss Finish",99,0,"Light Grey & Orange","(R=0.921569,G=0.921569,B=0.921569,A=1.000000)","(R=1.000000,G=0.541176,B=0.192157,A=1.000000)","Texture2D'/Game/NMSBaseBuilder/Features/Colors/Thumbnails/BIGGS0.BIGGS0'","BIGGS0.jpg"
Row153,"BIGGS0","Corvette - Inverted Gloss Finish",99,1,"Light Grey & Orange","(R=0.921569,G=0.921569,B=0.921569,A=1.000000)","(R=1.000000,G=0.541176,B=0.192157,A=1.000000)","Texture2D'/Game/NMSBaseBuilder/Features/Colors/Thumbnails/BIGGS0.BIGGS0'","BIGGS0.jpg"
Row154,"BIGGS0","Corvette - Weathered Finish",99,2,"Light Grey & Orange","(R=0.921569,G=0.921569,B=0.921569,A=1.000000)","(R=1.000000,G=0.541176,B=0.192157,A=1.000000)","Texture2D'/Game/NMSBaseBuilder/Features/Colors/Thumbnails/BIGGS0.BIGGS0'","BIGGS0.jpg"
Row155,"BIGGS0","Corvette - Metallic Finish",99,3,"Light Grey & Orange","(R=0.921569,G=0.921569,B=0.921569,A=1.000000)","(R=1.000000,G=0.541176,B=0.192157,A=1.000000)","Texture2D'/Game/NMSBaseBuilder/Features/Colors/Thumbnails/BIGGS0.BIGGS0'","BIGGS0.jpg"
Row156,"BIGGS1","Corvette - Gloss Finish",100,0,"Green & Dark Olive","(R=0.396078,G=0.501961,B=0.247059,A=1.000000)","(R=0.364706,G=0.368627,B=0.203922,A=1.000000)","Texture2D'/Game/NMSBaseBuilder/Features/Colors/Thumbnails/BIGGS1.BIGGS1'","BIGGS1.jpg"
Row157,"BIGGS1","Corvette - Inverted Gloss Finish",100,1,"Green & Dark Olive","(R=0.396078,G=0.501961,B=0.247059,A=1.000000)","(R=0.364706,G=0.368627,B=0.203922,A=1.000000)","Texture2D'/Game/NMSBaseBuilder/Features/Colors/Thumbnails/BIGGS1.BIGGS1'","BIGGS1.jpg"
Row158,"BIGGS1","Corvette - Weathered Finish",100,2,"Green & Dark Olive","(R=0.396078,G=0.501961,B=0.247059,A=1.000000)","(R=0.364706,G=0.368627,B=0.203922,A=1.000000)","Texture2D'/Game/NMSBaseBuilder/Features/Colors/Thumbnails/BIGGS1.BIGGS1'","BIGGS1.jpg"
Row159,"BIGGS1","Corvette - Metallic Finish",100,3,"Green & Dark Olive","(R=0.396078,G=0.501961,B=0.247059,A=1.000000)","(R=0.364706,G=0.368627,B=0.203922,A=1.000000)","Texture2D'/Game/NMSBaseBuilder/Features/Colors/Thumbnails/BIGGS1.BIGGS1'","BIGGS1.jpg"
Row160,"BIGGS2","Corvette - Gloss Finish",101,0,"Red & Light Grey","(R=0.759690,G=0.223787,B=0.223787,A=1.000000)","(R=0.923423,G=0.923423,B=0.923423,A=1.000000)","Texture2D'/Game/NMSBaseBuilder/Features/Colors/Thumbnails/BIGGS2.BIGGS2'","BIGGS2.jpg"
Row161,"BIGGS2","Corvette - Inverted Gloss Finish",101,1,"Red & Light Grey","(R=0.759690,G=0.223787,B=0.223787,A=1.000000)","(R=0.923423,G=0.923423,B=0.923423,A=1.000000)","Texture2D'/Game/NMSBaseBuilder/Features/Colors/Thumbnails/BIGGS2.BIGGS2'","BIGGS2.jpg"
Row162,"BIGGS2","Corvette - Weathered Finish",101,2,"Red & Light Grey","(R=0.759690,G=0.223787,B=0.223787,A=1.000000)","(R=0.923423,G=0.923423,B=0.923423,A=1.000000)","Texture2D'/Game/NMSBaseBuilder/Features/Colors/Thumbnails/BIGGS2.BIGGS2'","BIGGS2.jpg"
Row163,"BIGGS2","Corvette - Metallic Finish",101,3,"Red & Light Grey","(R=0.759690,G=0.223787,B=0.223787,A=1.000000)","(R=0.923423,G=0.923423,B=0.923423,A=1.000000)","Texture2D'/Game/NMSBaseBuilder/Features/Colors/Thumbnails/BIGGS2.BIGGS2'","BIGGS2.jpg"
Row164,"BIGGS3","Corvette - Gloss Finish",102,0,"Orange & Black","(R=1.000000,G=0.698039,B=0.000000,A=1.000000)","(R=0.324031,G=0.235926,B=0.235926,A=1.000000)","Texture2D'/Game/NMSBaseBuilder/Features/Colors/Thumbnails/BIGGS3.BIGGS3'","BIGGS3.jpg"
Row165,"BIGGS3","Corvette - Inverted Gloss Finish",102,1,"Orange & Black","(R=1.000000,G=0.698039,B=0.000000,A=1.000000)","(R=0.324031,G=0.235926,B=0.235926,A=1.000000)","Texture2D'/Game/NMSBaseBuilder/Features/Colors/Thumbnails/BIGGS3.BIGGS3'","BIGGS3.jpg"
Row166,"BIGGS3","Corvette - Weathered Finish",102,2,"Orange & Black","(R=1.000000,G=0.698039,B=0.000000,A=1.000000)","(R=0.324031,G=0.235926,B=0.235926,A=1.000000)","Texture2D'/Game/NMSBaseBuilder/Features/Colors/Thumbnails/BIGGS3.BIGGS3'","BIGGS3.jpg"
Row167,"BIGGS3","Corvette - Metallic Finish",102,3,"Orange & Black","(R=1.000000,G=0.698039,B=0.000000,A=1.000000)","(R=0.324031,G=0.235926,B=0.235926,A=1.000000)","Texture2D'/Game/NMSBaseBuilder/Features/Colors/Thumbnails/BIGGS3.BIGGS3'","BIGGS3.jpg"
Row168,"BIGGS4","Corvette - Gloss Finish",103,0,"White & Black","(R=1.000000,G=1.000000,B=1.000000,A=1.000000)","(R=0.071318,G=0.067657,B=0.067657,A=1.000000)","Texture2D'/Game/NMSBaseBuilder/Features/Colors/Thumbnails/BIGGS4.BIGGS4'","BIGGS4.jpg"
Row169,"BIGGS4","Corvette - Inverted Gloss Finish",103,1,"White & Black","(R=1.000000,G=1.000000,B=1.000000,A=1.000000)","(R=0.071318,G=0.067657,B=0.067657,A=1.000000)","Texture2D'/Game/NMSBaseBuilder/Features/Colors/Thumbnails/BIGGS4.BIGGS4'","BIGGS4.jpg"
Row170,"BIGGS4","Corvette - Weathered Finish",103,2,"White & Black","(R=1.000000,G=1.000000,B=1.000000,A=1.000000)","(R=0.071318,G=0.067657,B=0.067657,A=1.000000)","Texture2D'/Game/NMSBaseBuilder/Features/Colors/Thumbnails/BIGGS4.BIGGS4'","BIGGS4.jpg"
Row171,"BIGGS4","Corvette - Metallic Finish",103,3,"White & Black","(R=1.000000,G=1.000000,B=1.000000,A=1.000000)","(R=0.071318,G=0.067657,B=0.067657,A=1.000000)","Texture2D'/Game/NMSBaseBuilder/Features/Colors/Thumbnails/BIGGS4.BIGGS4'","BIGGS4.jpg"
Row172,"BIGGS5","Corvette - Gloss Finish",104,0,"Cobalt & Orange","(R=0.315187,G=0.430228,B=0.717829,A=1.000000)","(R=1.000000,G=0.701961,B=0.125490,A=1.000000)","Texture2D'/Game/NMSBaseBuilder/Features/Colors/Thumbnails/BIGGS5.BIGGS5'","BIGGS5.jpg"
Row173,"BIGGS5","Corvette - Inverted Gloss Finish",104,1,"Cobalt & Orange","(R=0.315187,G=0.430228,B=0.717829,A=1.000000)","(R=1.000000,G=0.701961,B=0.125490,A=1.000000)","Texture2D'/Game/NMSBaseBuilder/Features/Colors/Thumbnails/BIGGS5.BIGGS5'","BIGGS5.jpg"
Row174,"BIGGS5","Corvette - Weathered Finish",104,2,"Cobalt & Orange","(R=0.315187,G=0.430228,B=0.717829,A=1.000000)","(R=1.000000,G=0.701961,B=0.125490,A=1.000000)","Texture2D'/Game/NMSBaseBuilder/Features/Colors/Thumbnails/BIGGS5.BIGGS5'","BIGGS5.jpg"
Row175,"BIGGS5","Corvette - Metallic Finish",104,3,"Cobalt & Orange","(R=0.315187,G=0.430228,B=0.717829,A=1.000000)","(R=1.000000,G=0.701961,B=0.125490,A=1.000000)","Texture2D'/Game/NMSBaseBuilder/Features/Colors/Thumbnails/BIGGS5.BIGGS5'","BIGGS5.jpg"
Row176,"BIGGS6","Corvette - Gloss Finish",105,0,"Blue & Light Grey","(R=0.313726,G=0.529412,B=0.686275,A=1.000000)","(R=0.850980,G=0.831373,B=0.780392,A=1.000000)","Texture2D'/Game/NMSBaseBuilder/Features/Colors/Thumbnails/BIGGS6.BIGGS6'","BIGGS6.jpg"
Row177,"BIGGS6","Corvette - Inverted Gloss Finish",105,1,"Blue & Light Grey","(R=0.313726,G=0.529412,B=0.686275,A=1.000000)","(R=0.850980,G=0.831373,B=0.780392,A=1.000000)","Texture2D'/Game/NMSBaseBuilder/Features/Colors/Thumbnails/BIGGS6.BIGGS6'","BIGGS6.jpg"
Row178,"BIGGS6","Corvette - Weathered Finish",105,2,"Blue & Light Grey","(R=0.313726,G=0.529412,B=0.686275,A=1.000000)","(R=0.850980,G=0.831373,B=0.780392,A=1.000000)","Texture2D'/Game/NMSBaseBuilder/Features/Colors/Thumbnails/BIGGS6.BIGGS6'","BIGGS6.jpg"
Row179,"BIGGS6","Corvette - Metallic Finish",105,3,"Blue & Light Grey","(R=0.313726,G=0.529412,B=0.686275,A=1.000000)","(R=0.850980,G=0.831373,B=0.780392,A=1.000000)","Texture2D'/Game/NMSBaseBuilder/Features/Colors/Thumbnails/BIGGS6.BIGGS6'","BIGGS6.jpg"
Row180,"BIGGS7","Corvette - Gloss Finish",106,0,"Dark Brown & Light Brown","(R=0.501961,G=0.435294,B=0.349020,A=1.000000)","(R=0.725490,G=0.639216,B=0.435294,A=1.000000)","Texture2D'/Game/NMSBaseBuilder/Features/Colors/Thumbnails/BIGGS7.BIGGS7'","BIGGS7.jpg"
Row181,"BIGGS7","Corvette - Inverted Gloss Finish",106,1,"Dark Brown & Light Brown","(R=0.501961,G=0.435294,B=0.349020,A=1.000000)","(R=0.725490,G=0.639216,B=0.435294,A=1.000000)","Texture2D'/Game/NMSBaseBuilder/Features/Colors/Thumbnails/BIGGS7.BIGGS7'","BIGGS7.jpg"
Row182,"BIGGS7","Corvette - Weathered Finish",106,2,"Dark Brown & Light Brown","(R=0.501961,G=0.435294,B=0.349020,A=1.000000)","(R=0.725490,G=0.639216,B=0.435294,A=1.000000)","Texture2D'/Game/NMSBaseBuilder/Features/Colors/Thumbnails/BIGGS7.BIGGS7'","BIGGS7.jpg"
Row183,"BIGGS7","Corvette - Metallic Finish",106,3,"Dark Brown & Light Brown","(R=0.501961,G=0.435294,B=0.349020,A=1.000000)","(R=0.725490,G=0.639216,B=0.435294,A=1.000000)","Texture2D'/Game/NMSBaseBuilder/Features/Colors/Thumbnails/BIGGS7.BIGGS7'","BIGGS7.jpg"
Row184,"BIGGS8","Corvette - Gloss Finish",107,0,"Cream & Green","(R=0.706320,G=0.671813,B=0.580519,A=1.000000)","(R=0.381558,G=0.470588,B=0.352941,A=1.000000)","Texture2D'/Game/NMSBaseBuilder/Features/Colors/Thumbnails/BIGGS8.BIGGS8'","BIGGS8.jpg"
Row185,"BIGGS8","Corvette - Inverted Gloss Finish",107,1,"Cream & Green","(R=0.706320,G=0.671813,B=0.580519,A=1.000000)","(R=0.381558,G=0.470588,B=0.352941,A=1.000000)","Texture2D'/Game/NMSBaseBuilder/Features/Colors/Thumbnails/BIGGS8.BIGGS8'","BIGGS8.jpg"
Row186,"BIGGS8","Corvette - Weathered Finish",107,2,"Cream & Green","(R=0.706320,G=0.671813,B=0.580519,A=1.000000)","(R=0.381558,G=0.470588,B=0.352941,A=1.000000)","Texture2D'/Game/NMSBaseBuilder/Features/Colors/Thumbnails/BIGGS8.BIGGS8'","BIGGS8.jpg"
Row187,"BIGGS8","Corvette - Metallic Finish",107,3,"Cream & Green","(R=0.706320,G=0.671813,B=0.580519,A=1.000000)","(R=0.381558,G=0.470588,B=0.352941,A=1.000000)","Texture2D'/Game/NMSBaseBuilder/Features/Colors/Thumbnails/BIGGS8.BIGGS8'","BIGGS8.jpg"
Row188,"BIGGS9","Corvette - Gloss Finish",108,0,"Maroon & Sky Blue","(R=0.446512,G=0.260607,B=0.214734,A=1.000000)","(R=0.725490,G=0.854902,B=0.831373,A=1.000000)","Texture2D'/Game/NMSBaseBuilder/Features/Colors/Thumbnails/BIGGS9.BIGGS9'","BIGGS9.jpg"
Row189,"BIGGS9","Corvette - Inverted Gloss Finish",108,1,"Maroon & Sky Blue","(R=0.446512,G=0.260607,B=0.214734,A=1.000000)","(R=0.725490,G=0.854902,B=0.831373,A=1.000000)","Texture2D'/Game/NMSBaseBuilder/Features/Colors/Thumbnails/BIGGS9.BIGGS9'","BIGGS9.jpg"
Row190,"BIGGS9","Corvette - Weathered Finish",108,2,"Maroon & Sky Blue","(R=0.446512,G=0.260607,B=0.214734,A=1.000000)","(R=0.725490,G=0.854902,B=0.831373,A=1.000000)","Texture2D'/Game/NMSBaseBuilder/Features/Colors/Thumbnails/BIGGS9.BIGGS9'","BIGGS9.jpg"
Row191,"BIGGS9","Corvette - Metallic Finish",108,3,"Maroon & Sky Blue","(R=0.446512,G=0.260607,B=0.214734,A=1.000000)","(R=0.725490,G=0.854902,B=0.831373,A=1.000000)","Texture2D'/Game/NMSBaseBuilder/Features/Colors/Thumbnails/BIGGS9.BIGGS9'","BIGGS9.jpg"
Row192,"BIGGS10","Corvette - Gloss Finish",109,0,"Purple & Yellow","(R=0.462745,G=0.396078,B=0.462745,A=1.000000)","(R=0.807752,G=0.741250,B=0.333168,A=1.000000)","Texture2D'/Game/NMSBaseBuilder/Features/Colors/Thumbnails/BIGGS10.BIGGS10'","BIGGS10.jpg"
Row193,"BIGGS10","Corvette - Inverted Gloss Finish",109,1,"Purple & Yellow","(R=0.462745,G=0.396078,B=0.462745,A=1.000000)","(R=0.807752,G=0.741250,B=0.333168,A=1.000000)","Texture2D'/Game/NMSBaseBuilder/Features/Colors/Thumbnails/BIGGS10.BIGGS10'","BIGGS10.jpg"
Row194,"BIGGS10","Corvette - Weathered Finish",109,2,"Purple & Yellow","(R=0.462745,G=0.396078,B=0.462745,A=1.000000)","(R=0.807752,G=0.741250,B=0.333168,A=1.000000)","Texture2D'/Game/NMSBaseBuilder/Features/Colors/Thumbnails/BIGGS10.BIGGS10'","BIGGS10.jpg"
Row195,"BIGGS10","Corvette - Metallic Finish",109,3,"Purple & Yellow","(R=0.462745,G=0.396078,B=0.462745,A=1.000000)","(R=0.807752,G=0.741250,B=0.333168,A=1.000000)","Texture2D'/Game/NMSBaseBuilder/Features/Colors/Thumbnails/BIGGS10.BIGGS10'","BIGGS10.jpg"
Row196,"BIGGS11","Corvette - Gloss Finish",110,0,"Grey & Dark Grey","(R=0.615686,G=0.615686,B=0.615686,A=1.000000)","(R=0.309804,G=0.274510,B=0.274510,A=1.000000)","Texture2D'/Game/NMSBaseBuilder/Features/Colors/Thumbnails/BIGGS11.BIGGS11'","BIGGS11.jpg"
Row197,"BIGGS11","Corvette - Inverted Gloss Finish",110,1,"Grey & Dark Grey","(R=0.615686,G=0.615686,B=0.615686,A=1.000000)","(R=0.309804,G=0.274510,B=0.274510,A=1.000000)","Texture2D'/Game/NMSBaseBuilder/Features/Colors/Thumbnails/BIGGS11.BIGGS11'","BIGGS11.jpg"
Row198,"BIGGS11","Corvette - Weathered Finish",110,2,"Grey & Dark Grey","(R=0.615686,G=0.615686,B=0.615686,A=1.000000)","(R=0.309804,G=0.274510,B=0.274510,A=1.000000)","Texture2D'/Game/NMSBaseBuilder/Features/Colors/Thumbnails/BIGGS11.BIGGS11'","BIGGS11.jpg"
Row199,"BIGGS11","Corvette - Metallic Finish",110,3,"Grey & Dark Grey","(R=0.615686,G=0.615686,B=0.615686,A=1.000000)","(R=0.309804,G=0.274510,B=0.274510,A=1.000000)","Texture2D'/Game/NMSBaseBuilder/Features/Colors/Thumbnails/BIGGS11.BIGGS11'","BIGGS11.jpg"
Row200,"BIGGS12","Corvette - Gloss Finish",111,0,"Turquoise & Teal","(R=0.443822,G=0.698198,B=0.569250,A=1.000000)","(R=0.270588,G=0.360784,B=0.376471,A=1.000000)","Texture2D'/Game/NMSBaseBuilder/Features/Colors/Thumbnails/BIGGS12.BIGGS12'","BIGGS12.jpg"
Row201,"BIGGS12","Corvette - Inverted Gloss Finish",111,1,"Turquoise & Teal","(R=0.443822,G=0.698198,B=0.569250,A=1.000000)","(R=0.270588,G=0.360784,B=0.376471,A=1.000000)","Texture2D'/Game/NMSBaseBuilder/Features/Colors/Thumbnails/BIGGS12.BIGGS12'","BIGGS12.jpg"
Row202,"BIGGS12","Corvette - Weathered Finish",111,2,"Turquoise & Teal","(R=0.443822,G=0.698198,B=0.569250,A=1.000000)","(R=0.270588,G=0.360784,B=0.376471,A=1.000000)","Texture2D'/Game/NMSBaseBuilder/Features/Colors/Thumbnails/BIGGS12.BIGGS12'","BIGGS12.jpg"
Row203,"BIGGS12","Corvette - Metallic Finish",111,3,"Turquoise & Teal","(R=0.443822,G=0.698198,B=0.569250,A=1.000000)","(R=0.270588,G=0.360784,B=0.376471,A=1.000000)","Texture2D'/Game/NMSBaseBuilder/Features/Colors/Thumbnails/BIGGS12.BIGGS12'","BIGGS12.jpg"
Row204,"BIGGS13","Corvette - Gloss Finish",112,0,"Beige & Dark Orange","(R=0.854902,G=0.819608,B=0.725490,A=1.000000)","(R=0.678431,G=0.294118,B=0.117647,A=1.000000)","Texture2D'/Game/NMSBaseBuilder/Features/Colors/Thumbnails/BIGGS13.BIGGS13'","BIGGS13.jpg"
Row205,"BIGGS13","Corvette - Inverted Gloss Finish",112,1,"Beige & Dark Orange","(R=0.854902,G=0.819608,B=0.725490,A=1.000000)","(R=0.678431,G=0.294118,B=0.117647,A=1.000000)","Texture2D'/Game/NMSBaseBuilder/Features/Colors/Thumbnails/BIGGS13.BIGGS13'","BIGGS13.jpg"
Row206,"BIGGS13","Corvette - Weathered Finish",112,2,"Beige & Dark Orange","(R=0.854902,G=0.819608,B=0.725490,A=1.000000)","(R=0.678431,G=0.294118,B=0.117647,A=1.000000)","Texture2D'/Game/NMSBaseBuilder/Features/Colors/Thumbnails/BIGGS13.BIGGS13'","BIGGS13.jpg"
Row207,"BIGGS13","Corvette - Metallic Finish",112,3,"Beige & Dark Orange","(R=0.854902,G=0.819608,B=0.725490,A=1.000000)","(R=0.678431,G=0.294118,B=0.117647,A=1.000000)","Texture2D'/Game/NMSBaseBuilder/Features/Colors/Thumbnails/BIGGS13.BIGGS13'","BIGGS13.jpg"
Row208,"BIGGS14","Corvette - Gloss Finish",113,0,"Dark Grey & Blue","(R=0.309804,G=0.301961,B=0.243137,A=1.000000)","(R=0.456105,G=0.543945,B=0.644961,A=1.000000)","Texture2D'/Game/NMSBaseBuilder/Features/Colors/Thumbnails/BIGGS14.BIGGS14'","BIGGS14.jpg"
Row209,"BIGGS14","Corvette - Inverted Gloss Finish",113,1,"Dark Grey & Blue","(R=0.309804,G=0.301961,B=0.243137,A=1.000000)","(R=0.456105,G=0.543945,B=0.644961,A=1.000000)","Texture2D'/Game/NMSBaseBuilder/Features/Colors/Thumbnails/BIGGS14.BIGGS14'","BIGGS14.jpg"
Row210,"BIGGS14","Corvette - Weathered Finish",113,2,"Dark Grey & Blue","(R=0.309804,G=0.301961,B=0.243137,A=1.000000)","(R=0.456105,G=0.543945,B=0.644961,A=1.000000)","Texture2D'/Game/NMSBaseBuilder/Features/Colors/Thumbnails/BIGGS14.BIGGS14'","BIGGS14.jpg"
Row211,"BIGGS14","Corvette - Metallic Finish",113,3,"Dark Grey & Blue","(R=0.309804,G=0.301961,B=0.243137,A=1.000000)","(R=0.456105,G=0.543945,B=0.644961,A=1.000000)","Texture2D'/Game/NMSBaseBuilder/Features/Colors/Thumbnails/BIGGS14.BIGGS14'","BIGGS14.jpg"
Row212,"BIGGS15","Corvette - Gloss Finish",114,0,"Grey & Purple","(R=0.780392,G=0.811765,B=0.780392,A=1.000000)","(R=0.529412,G=0.435294,B=0.501961,A=1.000000)","Texture2D'/Game/NMSBaseBuilder/Features/Colors/Thumbnails/BIGGS15.BIGGS15'","BIGGS15.jpg"
Row213,"BIGGS15","Corvette - Inverted Gloss Finish",114,1,"Grey & Purple","(R=0.780392,G=0.811765,B=0.780392,A=1.000000)","(R=0.529412,G=0.435294,B=0.501961,A=1.000000)","Texture2D'/Game/NMSBaseBuilder/Features/Colors/Thumbnails/BIGGS15.BIGGS15'","BIGGS15.jpg"
Row214,"BIGGS15","Corvette - Weathered Finish",114,2,"Grey & Purple","(R=0.780392,G=0.811765,B=0.780392,A=1.000000)","(R=0.529412,G=0.435294,B=0.501961,A=1.000000)","Texture2D'/Game/NMSBaseBuilder/Features/Colors/Thumbnails/BIGGS15.BIGGS15'","BIGGS15.jpg"
Row215,"BIGGS15","Corvette - Metallic Finish",114,3,"Grey & Purple","(R=0.780392,G=0.811765,B=0.780392,A=1.000000)","(R=0.529412,G=0.435294,B=0.501961,A=1.000000)","Texture2D'/Game/NMSBaseBuilder/Features/Colors/Thumbnails/BIGGS15.BIGGS15'","BIGGS15.jpg"
Row216,"STATION0","Space Station",115,0,"Station 1","(R=0.807843,G=0.772549,B=0.713726,A=1.000000)","(R=0.446847,G=0.427774,B=0.395078,A=1.000000)","Texture2D'/Game/NMSBaseBuilder/Features/Colors/Thumbnails/STATION0.STATION0'","STATION0.jpg"
Row217,"STATION1","Space Station",116,0,"Station 2","(R=0.761119,G=0.789189,B=0.671167,A=1.000000)","(R=0.322904,G=0.335135,B=0.283764,A=1.000000)","Texture2D'/Game/NMSBaseBuilder/Features/Colors/Thumbnails/STATION1.STATION1'","STATION1.jpg"
Row218,"STATION2","Space Station",117,0,"Station 3","(R=0.767493,G=0.746355,B=0.835135,A=1.000000)","(R=0.279345,G=0.270034,B=0.318919,A=1.000000)","Texture2D'/Game/NMSBaseBuilder/Features/Colors/Thumbnails/STATION2.STATION2'","STATION2.jpg"
Row219,"STATION3","Space Station",118,0,"Station 4","(R=0.688814,G=0.813514,B=0.777886,A=1.000000)","(R=0.298257,G=0.352252,B=0.336825,A=1.000000)","Texture2D'/Game/NMSBaseBuilder/Features/Colors/Thumbnails/STATION3.STATION3'","STATION3.jpg"
Row220,"STATION4","Space Station",119,0,"Station 5","(R=0.836937,G=0.757013,B=0.779848,A=1.000000)","(R=0.302703,G=0.256303,B=0.269560,A=1.000000)","Texture2D'/Game/NMSBaseBuilder/Features/Colors/Thumbnails/STATION4.STATION4'","STATION4.jpg"
Row221,"STATION5","Space Station",120,0,"Station 6","(R=0.881081,G=0.881081,B=0.881081,A=1.000000)","(R=0.500000,G=0.500000,B=0.500000,A=1.000000)","Texture2D'/Game/NMSBaseBuilder/Features/Colors/Thumbnails/STATION5.STATION5'","STATION5.jpg"
Row222,"STATION6","Space Station",121,0,"Station 7","(R=0.800000,G=0.800000,B=0.800000,A=1.000000)","(R=0.500000,G=0.500000,B=0.500000,A=1.000000)","Texture2D'/Game/NMSBaseBuilder/Features/Colors/Thumbnails/STATION6.STATION6'","STATION6.jpg"
Row223,"STATION7","Space Station",122,0,"Station 8","(R=0.500000,G=0.500000,B=0.500000,A=1.000000)","(R=0.800000,G=0.800000,B=0.800000,A=1.000000)","Texture2D'/Game/NMSBaseBuilder/Features/Colors/Thumbnails/STATION7.STATION7'","STATION7.jpg"
Row224,"STATION8","Space Station",123,0,"Station 9","(R=0.500000,G=0.500000,B=0.500000,A=1.000000)","(R=0.800000,G=0.800000,B=0.800000,A=1.000000)","Texture2D'/Game/NMSBaseBuilder/Features/Colors/Thumbnails/STATION8.STATION8'","STATION8.jpg"
Row225,"STATION9","Space Station",124,0,"Station 10","(R=0.500000,G=0.500000,B=0.500000,A=1.000000)","(R=0.749000,G=0.349000,B=0.349000,A=1.000000)","Texture2D'/Game/NMSBaseBuilder/Features/Colors/Thumbnails/STATION9.STATION9'","STATION9.jpg"
Row226,"STATION10","Space Station",125,0,"Station 11","(R=0.413000,G=0.413000,B=0.413000,A=1.000000)","(R=0.298000,G=0.298000,B=0.298000,A=1.000000)","Texture2D'/Game/NMSBaseBuilder/Features/Colors/Thumbnails/STATION10.STATION10'","STATION10.jpg"
Row227,"STATION11","Space Station",126,0,"Station 12","(R=0.642000,G=0.699000,B=0.855000,A=1.000000)","(R=0.496000,G=0.540000,B=0.660000,A=1.000000)","Texture2D'/Game/NMSBaseBuilder/Features/Colors/Thumbnails/STATION11.STATION11'","STATION11.jpg"
Row228,"STATION12","Space Station",127,0,"Station 13","(R=0.640000,G=0.633000,B=0.561000,A=1.000000)","(R=0.595000,G=0.640000,B=0.561000,A=1.000000)","Texture2D'/Game/NMSBaseBuilder/Features/Colors/Thumbnails/STATION12.STATION12'","STATION12.jpg"
Row229,"STATION13","Space Station",128,0,"Station 14","(R=0.802000,G=0.589000,B=0.391000,A=1.000000)","(R=0.500000,G=0.500000,B=0.500000,A=1.000000)","Texture2D'/Game/NMSBaseBuilder/Features/Colors/Thumbnails/STATION13.STATION13'","STATION13.jpg"
Row230,"STATION14","Space Station",129,0,"Station 15","(R=0.713000,G=0.670000,B=0.562000,A=1.000000)","(R=0.638000,G=0.581000,B=0.505000,A=1.000000)","Texture2D'/Game/NMSBaseBuilder/Features/Colors/Thumbnails/STATION14.STATION14'","STATION14.jpg"
Row231,"STATION15","Space Station",130,0,"Station 16","(R=0.840000,G=0.685000,B=0.424000,A=1.000000)","(R=0.437838,G=0.303973,B=0.210635,A=1.000000)","Texture2D'/Game/NMSBaseBuilder/Features/Colors/Thumbnails/STATION15.STATION15'","STATION15.jpg"
Row232,"STATION16","Space Station",131,0,"Station 17","(R=0.800000,G=0.800000,B=0.800000,A=1.000000)","(R=0.920721,G=0.490854,B=0.223130,A=1.000000)","Texture2D'/Game/NMSBaseBuilder/Features/Colors/Thumbnails/STATION16.STATION16'","STATION16.jpg"
Row233,"STATION17","Space Station",132,0,"Station 18","(R=0.616000,G=0.616000,B=0.616000,A=1.000000)","(R=0.500000,G=0.500000,B=0.500000,A=1.000000)","Texture2D'/Game/NMSBaseBuilder/Features/Colors/Thumbnails/STATION17.STATION17'","STATION17.jpg"
Row234,"STATION18","Space Station",133,0,"Station 19","(R=0.800000,G=0.800000,B=0.800000,A=1.000000)","(R=0.737000,G=0.884000,B=0.851000,A=1.000000)","Texture2D'/Game/NMSBaseBuilder/Features/Colors/Thumbnails/STATION18.STATION18'","STATION18.jpg"
Row235,"STATION19","Space Station",134,0,"Station 20","(R=0.856000,G=0.818000,B=0.727000,A=1.000000)","(R=0.521000,G=0.679000,B=0.709000,A=1.000000)","Texture2D'/Game/NMSBaseBuilder/Features/Colors/Thumbnails/STATION19.STATION19'","STATION19.jpg"
Row236,"STATION20","Space Station",135,0,"Station 21","(R=0.727000,G=0.856000,B=0.831000,A=1.000000)","(R=0.900000,G=0.717000,B=0.849000,A=1.000000)","Texture2D'/Game/NMSBaseBuilder/Features/Colors/Thumbnails/STATION20.STATION20'","STATION20.jpg"
Row237,"STATION21","Space Station",136,0,"Station 22","(R=0.800000,G=0.800000,B=0.800000,A=1.000000)","(R=0.500000,G=0.500000,B=0.500000,A=1.000000)","Texture2D'/Game/NMSBaseBuilder/Features/Colors/Thumbnails/STATION21.STATION21'","STATION21.jpg"
Row238,"STATION22","Space Station",137,0,"Station 23","(R=0.878431,G=0.627451,B=0.286275,A=1.000000)","(R=0.290196,G=0.352941,B=0.325490,A=1.000000)","Texture2D'/Game/NMSBaseBuilder/Features/Colors/Thumbnails/STATION22.STATION22'","STATION22.jpg"
Row239,"STATION23","Space Station",138,0,"Station 24","(R=0.691063,G=0.737392,B=0.851195,A=1.000000)","(R=0.692759,G=0.962000,B=0.897855,A=1.000000)","Texture2D'/Game/NMSBaseBuilder/Features/Colors/Thumbnails/STATION23.STATION23'","STATION23.jpg"
Row240,"STATION24","Space Station",139,0,"Station 25","(R=0.797297,G=0.138629,B=0.138629,A=1.000000)","(R=0.525490,G=0.113725,B=0.113725,A=1.000000)","Texture2D'/Game/NMSBaseBuilder/Features/Colors/Thumbnails/STATION24.STATION24'","STATION24.jpg"
Row241,"STATION25","Space Station",140,0,"Station 26","(R=0.962000,G=0.680000,B=0.335000,A=1.000000)","(R=0.960784,G=0.863797,B=0.745257,A=1.000000)","Texture2D'/Game/NMSBaseBuilder/Features/Colors/Thumbnails/STATION25.STATION25'","STATION25.jpg"
Row242,"STATION26","Space Station",141,0,"Station 27","(R=0.530000,G=0.691000,B=0.631000,A=1.000000)","(R=0.502000,G=0.708000,B=0.782000,A=1.000000)","Texture2D'/Game/NMSBaseBuilder/Features/Colors/Thumbnails/STATION26.STATION26'","STATION26.jpg"
Row243,"STATION27","Space Station",142,0,"Station 28","(R=0.800000,G=0.800000,B=0.800000,A=1.000000)","(R=0.500000,G=0.500000,B=0.500000,A=1.000000)","Texture2D'/Game/NMSBaseBuilder/Features/Colors/Thumbnails/STATION27.STATION27'","STATION27.jpg"
Row244,"STATION28","Space Station",143,0,"Station 29","(R=0.642000,G=0.856000,B=1.000000,A=1.000000)","(R=0.947183,G=0.647514,B=0.962000,A=1.000000)","Texture2D'/Game/NMSBaseBuilder/Features/Colors/Thumbnails/STATION28.STATION28'","STATION28.jpg"
Row245,"STATION29","Space Station",144,0,"Station 30","(R=0.200000,G=0.200000,B=0.200000,A=1.000000)","(R=0.665766,G=0.019193,B=0.019193,A=1.000000)","Texture2D'/Game/NMSBaseBuilder/Features/Colors/Thumbnails/STATION29.STATION29'","STATION29.jpg"
Row246,"STATION30","Space Station",145,0,"Station 31","(R=0.200000,G=0.200000,B=0.200000,A=1.000000)","(R=0.900901,G=0.597530,B=0.152585,A=1.000000)","Texture2D'/Game/NMSBaseBuilder/Features/Colors/Thumbnails/STATION30.STATION30'","STATION30.jpg"
Row247,"STATION31","Space Station",146,0,"Station 32","(R=0.200000,G=0.200000,B=0.200000,A=1.000000)","(R=0.841441,G=0.439672,B=0.691592,A=1.000000)","Texture2D'/Game/NMSBaseBuilder/Features/Colors/Thumbnails/STATION31.STATION31'","STATION31.jpg"
Row248,"STATION32","Space Station",147,0,"Station 33","(R=1.000000,G=1.000000,B=1.000000,A=1.000000)","(R=0.200000,G=0.200000,B=0.200000,A=1.000000)","Texture2D'/Game/NMSBaseBuilder/Features/Colors/Thumbnails/STATION32.STATION32'","STATION32.jpg"
Row249,"STATION33","Space Station",148,0,"Station 34","(R=0.200000,G=0.200000,B=0.200000,A=1.000000)","(R=1.000000,G=1.000000,B=1.000000,A=1.000000)","Texture2D'/Game/NMSBaseBuilder/Features/Colors/Thumbnails/STATION33.STATION33'","STATION33.jpg"
Row250,"STATION34","Space Station",149,0,"Station 35","(R=0.200000,G=0.200000,B=0.200000,A=1.000000)","(R=1.000000,G=1.000000,B=1.000000,A=1.000000)","Texture2D'/Game/NMSBaseBuilder/Features/Colors/Thumbnails/STATION34.STATION34'","STATION34.jpg"
Row251,"STATION35","Space Station",150,0,"Station 36","(R=1.000000,G=1.000000,B=1.000000,A=1.000000)","(R=0.445045,G=0.445045,B=0.445045,A=1.000000)","Texture2D'/Game/NMSBaseBuilder/Features/Colors/Thumbnails/STATION35.STATION35'","STATION35.jpg"
